date,messages
1/1/2025,2159
1/2/2025,1179
1/3/2025,1956
1/4/2025,2060
1/5/2025,2142
1/6/2025,2250
1/7/2025,2183
1/8/2025,2140
1/9/2025,1869
1/10/2025,1634
1/11/2025,2351
1/12/2025,1722
1/13/2025,2305
1/14/2025,1976
1/15/2025,1793
1/16/2025,2032
1/17/2025,2327
1/18/2025,3625
1/19/2025,2989
1/20/2025,2310
1/21/2025,1823
1/22/2025,2080
1/23/2025,3931
1/24/2025,2638
1/25/2025,3303
1/26/2025,2877
1/27/2025,4225
1/28/2025,2660
1/29/2025,3500
1/30/2025,2005
1/31/2025,4201
2/1/2025,3307
2/2/2025,3432
2/3/2025,2764
2/4/2025,2440
2/5/2025,4763
2/6/2025,2134
2/7/2025,2433
2/8/2025,2258
2/9/2025,2437
2/10/2025,2632
2/11/2025,2076
2/12/2025,2792
2/13/2025,2024
2/14/2025,2229
2/15/2025,3159
2/16/2025,1436
2/17/2025,2022
2/18/2025,3479
2/19/2025,2043
2/20/2025,2283
2/21/2025,2210
2/22/2025,2349
2/23/2025,2772
2/24/2025,2178
2/25/2025,1717
2/26/2025,2515
2/27/2025,2753
2/28/2025,2883
3/1/2025,2623
3/2/2025,2949
3/3/2025,2837
3/4/2025,2420
3/5/2025,3461
3/6/2025,4227
3/7/2025,2756
3/8/2025,5710
3/9/2025,5213
3/10/2025,4450
3/11/2025,4378